-- phpMyAdmin SQL Dump
-- version 5.1.1
-- https://www.phpmyadmin.net/
--
-- Host: 127.0.0.1
-- Generation Time: Feb 09, 2023 at 10:21 PM
-- Server version: 10.4.21-MariaDB
-- PHP Version: 8.0.10

SET SQL_MODE = "NO_AUTO_VALUE_ON_ZERO";
START TRANSACTION;
SET time_zone = "+00:00";


/*!40101 SET @OLD_CHARACTER_SET_CLIENT=@@CHARACTER_SET_CLIENT */;
/*!40101 SET @OLD_CHARACTER_SET_RESULTS=@@CHARACTER_SET_RESULTS */;
/*!40101 SET @OLD_COLLATION_CONNECTION=@@COLLATION_CONNECTION */;
/*!40101 SET NAMES utf8mb4 */;

--
-- Database: `web_pharmacy`
--

-- --------------------------------------------------------

--
-- Table structure for table `tbl_color`
--

CREATE TABLE `tbl_color` (
  `color_id` int(11) NOT NULL,
  `color_name` varchar(255) NOT NULL
) ENGINE=InnoDB DEFAULT CHARSET=utf8mb4;

-- --------------------------------------------------------

--
-- Table structure for table `tbl_country`
--

CREATE TABLE `tbl_country` (
  `country_id` int(11) NOT NULL,
  `country_name` varchar(100) NOT NULL DEFAULT ''
) ENGINE=InnoDB DEFAULT CHARSET=utf8mb4;

--
-- Dumping data for table `tbl_country`
--

INSERT INTO `tbl_country` (`country_id`, `country_name`) VALUES
(1, 'Pakistan');

-- --------------------------------------------------------

--
-- Table structure for table `tbl_customer`
--

CREATE TABLE `tbl_customer` (
  `cust_id` int(11) NOT NULL,
  `cust_name` varchar(100) NOT NULL,
  `cust_cname` varchar(100) NOT NULL,
  `cust_email` varchar(100) NOT NULL,
  `cust_phone` varchar(50) NOT NULL,
  `cust_country` int(11) NOT NULL,
  `cust_address` text NOT NULL,
  `cust_city` varchar(100) NOT NULL,
  `cust_state` varchar(100) NOT NULL,
  `cust_zip` varchar(30) NOT NULL,
  `cust_b_name` varchar(100) NOT NULL,
  `cust_b_cname` varchar(100) NOT NULL,
  `cust_b_phone` varchar(50) NOT NULL,
  `cust_b_country` int(11) NOT NULL,
  `cust_b_address` text NOT NULL,
  `cust_b_city` varchar(100) NOT NULL,
  `cust_b_state` varchar(100) NOT NULL,
  `cust_b_zip` varchar(30) NOT NULL,
  `cust_s_name` varchar(100) NOT NULL,
  `cust_s_cname` varchar(100) NOT NULL,
  `cust_s_phone` varchar(50) NOT NULL,
  `cust_s_country` int(11) NOT NULL,
  `cust_s_address` text NOT NULL,
  `cust_s_city` varchar(100) NOT NULL,
  `cust_s_state` varchar(100) NOT NULL,
  `cust_s_zip` varchar(30) NOT NULL,
  `cust_password` varchar(100) NOT NULL,
  `cust_token` varchar(255) NOT NULL,
  `cust_datetime` varchar(100) NOT NULL,
  `cust_timestamp` varchar(100) NOT NULL,
  `cust_status` int(1) NOT NULL
) ENGINE=InnoDB DEFAULT CHARSET=utf8mb4;

--
-- Dumping data for table `tbl_customer`
--

INSERT INTO `tbl_customer` (`cust_id`, `cust_name`, `cust_cname`, `cust_email`, `cust_phone`, `cust_country`, `cust_address`, `cust_city`, `cust_state`, `cust_zip`, `cust_b_name`, `cust_b_cname`, `cust_b_phone`, `cust_b_country`, `cust_b_address`, `cust_b_city`, `cust_b_state`, `cust_b_zip`, `cust_s_name`, `cust_s_cname`, `cust_s_phone`, `cust_s_country`, `cust_s_address`, `cust_s_city`, `cust_s_state`, `cust_s_zip`, `cust_password`, `cust_token`, `cust_datetime`, `cust_timestamp`, `cust_status`) VALUES
(11, 'Ali', '', 'Ali@gmail.com', '03331234567', 1, 'Bagh AJK', 'Bagh', 'AJK', '112344', 'Ali', 'Nill', '03331234567', 1, 'Bagh AJK', 'Bagh', 'AJK', '112344', 'Ali', 'Nill', '03331234567', 1, 'Bagh AJK', 'Bagh', 'AJK', '112344', '46f28900017e57d27caf65ed68206fd1', '735fae11c39f07ec78d350d86df6d55d', '2023-01-18 12:59:31', '1675966931', 0),
(14, 'rubab said akbar', 'Abc', 'rubab123@gmai.com', '78777', 1, 'ghggfhfgffh', 'bagh', 'ajk', 'ggytyt', 'rubab said akbar', 'Abc', '78777', 1, 'ghggfhfgffh', 'bagh', 'ajk', 'ggytyt', 'rubab said akbar', 'Abc', '78777', 1, 'ghggfhfgffh', 'bagh', 'ajk', 'ggytyt', '25f9e794323b453885f5181f1b624d0b', 'f94af78ce437c40764ed1017e0773908', '2023-01-25 09:26:39', '1674667599', 1),
(15, 'Nazish baber', 'Nill', 'nazishbaber2@gmail.com', '03412777226', 1, 'Bagh', 'Bagh', 'AJK', '123000', 'Nazish baber', 'Nill', '03412777226', 1, 'Bagh', 'Bagh', 'ajk', '123000', 'Nazish baber', 'Nill', '03412777226', 1, 'Bagh', 'Bagh', 'ajk', '123000', '6b2bf4bd96b38ddb9f8845c33f103af1', '7a3bf0f0d2ddad615aae24fe42130786', '2023-01-25 10:57:59', '1674673079', 1);

-- --------------------------------------------------------

--
-- Table structure for table `tbl_customer_message`
--

CREATE TABLE `tbl_customer_message` (
  `customer_message_id` int(11) NOT NULL,
  `subject` varchar(255) NOT NULL,
  `message` text NOT NULL,
  `order_detail` text NOT NULL,
  `cust_id` int(11) NOT NULL
) ENGINE=InnoDB DEFAULT CHARSET=utf8mb4;

-- --------------------------------------------------------

--
-- Table structure for table `tbl_end_category`
--

CREATE TABLE `tbl_end_category` (
  `ecat_id` int(11) NOT NULL,
  `ecat_name` varchar(255) NOT NULL,
  `mcat_id` int(11) NOT NULL
) ENGINE=InnoDB DEFAULT CHARSET=utf8mb4;

--
-- Dumping data for table `tbl_end_category`
--

INSERT INTO `tbl_end_category` (`ecat_id`, `ecat_name`, `mcat_id`) VALUES
(80, 'Disprine CNF', 18),
(81, 'Panadol Fort', 18),
(82, 'Risek', 20),
(83, 'Bofalgan', 21),
(84, 'Gaviscon', 22),
(85, 'Rankin forceps', 24),
(86, 'Satinsky Clamp', 24);

-- --------------------------------------------------------

--
-- Table structure for table `tbl_faq`
--

CREATE TABLE `tbl_faq` (
  `faq_id` int(11) NOT NULL,
  `faq_title` varchar(255) NOT NULL,
  `faq_content` text NOT NULL
) ENGINE=InnoDB DEFAULT CHARSET=utf8mb4;

-- --------------------------------------------------------

--
-- Table structure for table `tbl_language`
--

CREATE TABLE `tbl_language` (
  `lang_id` int(11) NOT NULL,
  `lang_name` varchar(255) NOT NULL,
  `lang_value` text NOT NULL
) ENGINE=InnoDB DEFAULT CHARSET=utf8mb4;

--
-- Dumping data for table `tbl_language`
--

INSERT INTO `tbl_language` (`lang_id`, `lang_name`, `lang_value`) VALUES
(1, 'Currency', 'RS:'),
(2, 'Search Product', 'Search Product'),
(3, 'Search', 'Search'),
(4, 'Submit', 'Submit'),
(5, 'Update', 'Update'),
(6, 'Read More', 'Read More'),
(7, 'Serial', 'Serial'),
(8, 'Photo', 'Photo'),
(9, 'Login', 'Login'),
(10, 'Customer Login', 'Customer Login'),
(11, 'Click here to login', 'Click here to login'),
(12, 'Back to Login Page', 'Back to Login Page'),
(13, 'Logged in as', 'Logged in as'),
(14, 'Logout', 'Logout'),
(15, 'Register', 'Register'),
(16, 'Customer Registration', 'Customer Registration'),
(17, 'Registration Successful', 'Registration Successful'),
(18, 'Cart', 'Cart'),
(19, 'View Cart', 'View Cart'),
(20, 'Update Cart', 'Update Cart'),
(21, 'Back to Cart', 'Back to Cart'),
(22, 'Checkout', 'Checkout'),
(23, 'Proceed to Checkout', 'Proceed to Checkout'),
(24, 'Orders', 'Orders'),
(25, 'Order History', 'Order History'),
(26, 'Order Details', 'Order Details'),
(27, 'Payment Date and Time', 'Payment Date and Time'),
(28, 'Transaction ID', 'Transaction ID'),
(29, 'Paid Amount', 'Paid Amount'),
(30, 'Payment Status', 'Payment Status'),
(31, 'Payment Method', 'Payment Method'),
(32, 'Payment ID', 'Payment ID'),
(33, 'Payment Section', 'Payment Section'),
(34, 'Select Payment Method', 'Select Payment Method'),
(35, 'Select a Method', 'Select a Method'),
(36, 'PayPal', 'PayPal'),
(37, 'Stripe', 'Stripe'),
(38, 'Bank Deposit', 'Bank Deposit'),
(39, 'Card Number', 'Card Number'),
(40, 'CVV', 'CVV'),
(41, 'Month', 'Month'),
(42, 'Year', 'Year'),
(43, 'Send to this Details', 'Send to this Details'),
(44, 'Transaction Information', 'Transaction Information'),
(45, 'Include transaction id and other information correctly', 'Include transaction id and other information correctly'),
(46, 'Pay Now', 'Pay Now'),
(47, 'Product Name', 'Product Name'),
(48, 'Product Details', 'Product Details'),
(49, 'Categories', 'Categories'),
(50, 'Category:', 'Category:'),
(51, 'All Products Under', 'All Products Under'),
(52, 'Select Size', 'Select Size'),
(53, 'Select Color', 'Select Color'),
(54, 'Product Price', 'Product Price'),
(55, 'Quantity', 'Quantity'),
(56, 'Out of Stock', 'Out of Stock'),
(57, 'Share This', 'Share This'),
(58, 'Share This Product', 'Share This Product'),
(59, 'Product Description', 'Product Description'),
(60, 'Features', 'Features'),
(61, 'Conditions', 'Conditions'),
(62, 'Return Policy', 'Return Policy'),
(63, 'Reviews', 'Reviews'),
(64, 'Review', 'Review'),
(65, 'Give a Review', 'Give a Review'),
(66, 'Write your comment (Optional)', 'Write your comment (Optional)'),
(67, 'Submit Review', 'Submit Review'),
(68, 'You already have given a rating!', 'You already have given a rating!'),
(69, 'You must have to login to give a review', 'You must have to login to give a review'),
(70, 'No description found', 'No description found'),
(71, 'No feature found', 'No feature found'),
(72, 'No condition found', 'No condition found'),
(73, 'No return policy found', 'No return policy found'),
(74, 'Review not found', 'Review not found'),
(75, 'Customer Name', 'Customer Name'),
(76, 'Comment', 'Comment'),
(77, 'Comments', 'Comments'),
(78, 'Rating', 'Rating'),
(79, 'Previous', 'Previous'),
(80, 'Next', 'Next'),
(81, 'Sub Total', 'Sub Total'),
(82, 'Total', 'Total'),
(83, 'Action', 'Action'),
(84, 'Shipping Cost', 'Shipping Cost'),
(85, 'Continue Shopping', 'Continue Shopping'),
(86, 'Update Billing Address', 'Update Billing Address'),
(87, 'Update Shipping Address', 'Update Shipping Address'),
(88, 'Update Billing and Shipping Info', 'Update Billing and Shipping Info'),
(89, 'Dashboard', 'Dashboard'),
(90, 'Welcome to the Dashboard', 'Welcome to the Dashboard'),
(91, 'Back to Dashboard', 'Back to Dashboard'),
(92, 'Subscribe', 'Subscribe'),
(93, 'Subscribe To Our Newsletter', 'Subscribe To Our Newsletter'),
(94, 'Email Address', 'Email Address'),
(95, 'Enter Your Email Address', 'Enter Your Email Address'),
(96, 'Password', 'Password'),
(97, 'Forget Password', 'Forget Password'),
(98, 'Retype Password', 'Retype Password'),
(99, 'Update Password', 'Update Password'),
(100, 'New Password', 'New Password'),
(101, 'Retype New Password', 'Retype New Password'),
(102, 'Full Name', 'Full Name'),
(103, 'Company Name', 'Company Name'),
(104, 'Phone Number', 'Phone Number'),
(105, 'Address', 'Address'),
(106, 'Country', 'Country'),
(107, 'City', 'City'),
(108, 'State', 'State'),
(109, 'Zip Code', 'Zip Code'),
(110, 'About Us', 'About Us'),
(111, 'Featured Posts', 'Featured Posts'),
(112, 'Popular Posts', 'Popular Posts'),
(113, 'Recent Posts', 'Recent Posts'),
(114, 'Contact Information', 'Contact Information'),
(115, 'Contact Form', 'Contact Form'),
(116, 'Our Office', 'Our Office'),
(117, 'Update Profile', 'Update Profile'),
(118, 'Send Message', 'Send Message'),
(119, 'Message', 'Message'),
(120, 'Find Us On Map', 'Find Us On Map'),
(121, 'Congratulation! Payment is successful.', 'Congratulation! Payment is successful.'),
(122, 'Billing and Shipping Information is updated successfully.', 'Billing and Shipping Information is updated successfully.'),
(123, 'Customer Name can not be empty.', 'Customer Name can not be empty.'),
(124, 'Phone Number can not be empty.', 'Phone Number can not be empty.'),
(125, 'Address can not be empty.', 'Address can not be empty.'),
(126, 'You must have to select a country.', 'You must have to select a country.'),
(127, 'City can not be empty.', 'City can not be empty.'),
(128, 'State can not be empty.', 'State can not be empty.'),
(129, 'Zip Code can not be empty.', 'Zip Code can not be empty.'),
(130, 'Profile Information is updated successfully.', 'Profile Information is updated successfully.'),
(131, 'Email Address can not be empty', 'Email Address can not be empty'),
(132, 'Email and/or Password can not be empty.', 'Email and/or Password can not be empty.'),
(133, 'Email Address does not match.', 'Email Address does not match.'),
(134, 'Email address must be valid.', 'Email address must be valid.'),
(135, 'You email address is not found in our system.', 'You email address is not found in our system.'),
(136, 'Please check your email and confirm your subscription.', 'Please check your email and confirm your subscription.'),
(137, 'Your email is verified successfully. You can now login to our website.', 'Your email is verified successfully. You can now login to our website.'),
(138, 'Password can not be empty.', 'Password can not be empty.'),
(139, 'Passwords do not match.', 'Passwords do not match.'),
(140, 'Please enter new and retype passwords.', 'Please enter new and retype passwords.'),
(141, 'Password is updated successfully.', 'Password is updated successfully.'),
(142, 'To reset your password, please click on the link below.', 'To reset your password, please click on the link below.'),
(143, 'PASSWORD RESET REQUEST - YOUR WEBSITE.COM', 'PASSWORD RESET REQUEST - YOUR WEBSITE.COM'),
(144, 'The password reset email time (24 hours) has expired. Please again try to reset your password.', 'The password reset email time (24 hours) has expired. Please again try to reset your password.'),
(145, 'A confirmation link is sent to your email address. You will get the password reset information in there.', 'A confirmation link is sent to your email address. You will get the password reset information in there.'),
(146, 'Password is reset successfully. You can now login.', 'Password is reset successfully. You can now login.'),
(147, 'Email Address Already Exists', 'Email Address Already Exists.'),
(148, 'Sorry! Your account is inactive. Please contact to the administrator.', 'Sorry! Your account is inactive. Please contact to the administrator.'),
(149, 'Change Password', 'Change Password'),
(150, 'Registration Email Confirmation for YOUR WEBSITE', 'Registration Email Confirmation for YOUR WEBSITE.'),
(151, 'Thank you for your registration! Your account has been created. To active your account click on the link below:', 'Thank you for your registration! Your account has been created. To active your account click on the link below:'),
(152, 'Your registration is completed. Please check your email address to follow the process to confirm your registration.', 'Your registration is completed. Please check your email address to follow the process to confirm your registration.'),
(153, 'No Product Found', 'No Product Found'),
(154, 'Add to Cart', 'Add to Cart'),
(155, 'Related Products', 'Related Products'),
(156, 'See all related products from below', 'See all the related products from below'),
(157, 'Size', 'Size'),
(158, 'Color', 'Color'),
(159, 'Price', 'Price'),
(160, 'Please login as customer to checkout', 'Please login as customer to checkout'),
(161, 'Billing Address', 'Billing Address'),
(162, 'Shipping Address', 'Shipping Address'),
(163, 'Rating is Submitted Successfully!', 'Rating is Submitted Successfully!');

-- --------------------------------------------------------

--
-- Table structure for table `tbl_mid_category`
--

CREATE TABLE `tbl_mid_category` (
  `mcat_id` int(11) NOT NULL,
  `mcat_name` varchar(255) NOT NULL,
  `tcat_id` int(11) NOT NULL
) ENGINE=InnoDB DEFAULT CHARSET=utf8mb4;

--
-- Dumping data for table `tbl_mid_category`
--

INSERT INTO `tbl_mid_category` (`mcat_id`, `mcat_name`, `tcat_id`) VALUES
(18, 'Tablets', 1),
(20, 'Capsules', 2),
(21, 'Injections', 3),
(22, 'Syrups', 4),
(23, 'Grasping or holding instruments', 5),
(24, 'Hemostatic instruments', 5);

-- --------------------------------------------------------

--
-- Table structure for table `tbl_order`
--

CREATE TABLE `tbl_order` (
  `id` int(11) NOT NULL,
  `product_id` int(11) NOT NULL,
  `product_name` varchar(255) NOT NULL,
  `size` varchar(100) NOT NULL,
  `color` varchar(100) NOT NULL,
  `quantity` varchar(50) NOT NULL,
  `unit_price` varchar(50) NOT NULL,
  `payment_id` varchar(255) NOT NULL
) ENGINE=InnoDB DEFAULT CHARSET=utf8mb4;

--
-- Dumping data for table `tbl_order`
--

INSERT INTO `tbl_order` (`id`, `product_id`, `product_name`, `size`, `color`, `quantity`, `unit_price`, `payment_id`) VALUES
(9, 103, 'Disprine CND 10mG', '', '', '5', '8', '1674672272'),
(10, 105, 'Bofalgan 1gm', '', '', '1', '155', '1674672272');

-- --------------------------------------------------------

--
-- Table structure for table `tbl_page`
--

CREATE TABLE `tbl_page` (
  `id` int(11) NOT NULL,
  `about_title` varchar(255) NOT NULL,
  `about_content` text NOT NULL,
  `about_banner` varchar(255) NOT NULL,
  `about_meta_title` varchar(255) NOT NULL,
  `about_meta_keyword` text NOT NULL,
  `about_meta_description` text NOT NULL,
  `faq_title` varchar(255) NOT NULL,
  `faq_banner` varchar(255) NOT NULL,
  `faq_meta_title` varchar(255) NOT NULL,
  `faq_meta_keyword` text NOT NULL,
  `faq_meta_description` text NOT NULL,
  `blog_title` varchar(255) NOT NULL,
  `blog_banner` varchar(255) NOT NULL,
  `blog_meta_title` varchar(255) NOT NULL,
  `blog_meta_keyword` text NOT NULL,
  `blog_meta_description` text NOT NULL,
  `contact_title` varchar(255) NOT NULL,
  `contact_banner` varchar(255) NOT NULL,
  `contact_meta_title` varchar(255) NOT NULL,
  `contact_meta_keyword` text NOT NULL,
  `contact_meta_description` text NOT NULL,
  `pgallery_title` varchar(255) NOT NULL,
  `pgallery_banner` varchar(255) NOT NULL,
  `pgallery_meta_title` varchar(255) NOT NULL,
  `pgallery_meta_keyword` text NOT NULL,
  `pgallery_meta_description` text NOT NULL,
  `vgallery_title` varchar(255) NOT NULL,
  `vgallery_banner` varchar(255) NOT NULL,
  `vgallery_meta_title` varchar(255) NOT NULL,
  `vgallery_meta_keyword` text NOT NULL,
  `vgallery_meta_description` text NOT NULL
) ENGINE=InnoDB DEFAULT CHARSET=utf8mb4;

--
-- Dumping data for table `tbl_page`
--

INSERT INTO `tbl_page` (`id`, `about_title`, `about_content`, `about_banner`, `about_meta_title`, `about_meta_keyword`, `about_meta_description`, `faq_title`, `faq_banner`, `faq_meta_title`, `faq_meta_keyword`, `faq_meta_description`, `blog_title`, `blog_banner`, `blog_meta_title`, `blog_meta_keyword`, `blog_meta_description`, `contact_title`, `contact_banner`, `contact_meta_title`, `contact_meta_keyword`, `contact_meta_description`, `pgallery_title`, `pgallery_banner`, `pgallery_meta_title`, `pgallery_meta_keyword`, `pgallery_meta_description`, `vgallery_title`, `vgallery_banner`, `vgallery_meta_title`, `vgallery_meta_keyword`, `vgallery_meta_description`) VALUES
(1, 'About Us', '<p style=\"border: 0px solid; margin-top: 1.5rem; margin-bottom: 0px;\"><br></p>\n', 'about-banner.jpg', 'About Us', 'about us', 'Our goal', 'FAQ', 'faq-banner.jpg', '', '', '', 'Blog', 'blog-banner.jpg', '', '', '', 'Contact Us', 'contact-banner.jpg', '', '', '', 'Photo Gallery', 'pgallery-banner.jpg', '', '', '', 'Video Gallery', 'vgallery-banner.jpg', '', '', '');

-- --------------------------------------------------------

--
-- Table structure for table `tbl_payment`
--

CREATE TABLE `tbl_payment` (
  `id` int(11) NOT NULL,
  `customer_id` int(11) NOT NULL,
  `customer_name` varchar(255) NOT NULL,
  `customer_email` varchar(255) NOT NULL,
  `payment_date` varchar(50) NOT NULL,
  `txnid` varchar(255) NOT NULL,
  `paid_amount` int(11) NOT NULL,
  `card_number` varchar(50) NOT NULL,
  `card_cvv` varchar(10) NOT NULL,
  `card_month` varchar(10) NOT NULL,
  `card_year` varchar(10) NOT NULL,
  `bank_transaction_info` text NOT NULL,
  `payment_method` varchar(20) NOT NULL,
  `payment_status` varchar(25) NOT NULL,
  `shipping_status` varchar(20) NOT NULL,
  `payment_id` varchar(255) NOT NULL
) ENGINE=InnoDB DEFAULT CHARSET=utf8mb4;

--
-- Dumping data for table `tbl_payment`
--

INSERT INTO `tbl_payment` (`id`, `customer_id`, `customer_name`, `customer_email`, `payment_date`, `txnid`, `paid_amount`, `card_number`, `card_cvv`, `card_month`, `card_year`, `bank_transaction_info`, `payment_method`, `payment_status`, `shipping_status`, `payment_id`) VALUES
(59, 14, 'rubab said akbar', 'rubab123@gmai.com', '2023-01-25 10:44:32', '', 295, '', '', '', '', 'COD', 'Bank Deposit', 'Completed', 'Completed', '1674672272');

-- --------------------------------------------------------

--
-- Table structure for table `tbl_photo`
--

CREATE TABLE `tbl_photo` (
  `id` int(11) NOT NULL,
  `caption` varchar(255) NOT NULL,
  `photo` varchar(255) NOT NULL
) ENGINE=InnoDB DEFAULT CHARSET=utf8mb4;

--
-- Dumping data for table `tbl_photo`
--

INSERT INTO `tbl_photo` (`id`, `caption`, `photo`) VALUES
(1, 'Photo 1', 'photo-1.jpg'),
(2, 'Photo 2', 'photo-2.jpg'),
(3, 'Photo 3', 'photo-3.jpg'),
(4, 'Photo 4', 'photo-4.jpg'),
(5, 'Photo 5', 'photo-5.jpg'),
(6, 'Photo 6', 'photo-6.jpg');

-- --------------------------------------------------------

--
-- Table structure for table `tbl_post`
--

CREATE TABLE `tbl_post` (
  `post_id` int(11) NOT NULL,
  `post_title` varchar(255) NOT NULL,
  `post_slug` varchar(255) NOT NULL,
  `post_content` text NOT NULL,
  `post_date` varchar(255) NOT NULL,
  `photo` varchar(255) NOT NULL,
  `category_id` int(11) NOT NULL,
  `total_view` int(11) NOT NULL,
  `meta_title` varchar(255) NOT NULL,
  `meta_keyword` text NOT NULL,
  `meta_description` text NOT NULL
) ENGINE=InnoDB DEFAULT CHARSET=utf8mb4;

-- --------------------------------------------------------

--
-- Table structure for table `tbl_product`
--

CREATE TABLE `tbl_product` (
  `p_id` int(11) NOT NULL,
  `p_name` varchar(255) NOT NULL,
  `p_old_price` varchar(10) NOT NULL,
  `p_current_price` varchar(10) NOT NULL,
  `p_qty` int(10) NOT NULL,
  `p_featured_photo` varchar(255) NOT NULL,
  `p_description` text NOT NULL,
  `p_short_description` text NOT NULL,
  `p_feature` text NOT NULL,
  `p_condition` text NOT NULL,
  `p_return_policy` text NOT NULL,
  `p_total_view` int(11) NOT NULL,
  `p_is_featured` int(1) NOT NULL,
  `p_is_active` int(1) NOT NULL,
  `ecat_id` int(11) NOT NULL,
  `expiry` date DEFAULT NULL,
  `Purchase_Date` date NOT NULL DEFAULT current_timestamp()
) ENGINE=InnoDB DEFAULT CHARSET=utf8mb4;

--
-- Dumping data for table `tbl_product`
--

INSERT INTO `tbl_product` (`p_id`, `p_name`, `p_old_price`, `p_current_price`, `p_qty`, `p_featured_photo`, `p_description`, `p_short_description`, `p_feature`, `p_condition`, `p_return_policy`, `p_total_view`, `p_is_featured`, `p_is_active`, `ecat_id`, `expiry`, `Purchase_Date`) VALUES
(103, 'Disprine CND 10mG', '10', '8', 95, 'product-featured-103.jpg', '', '', '', '', '', 27, 0, 1, 80, '2023-04-30', '2023-02-10'),
(104, 'Risek 40 MG', '18', '15', 200, 'product-featured-104.jpg', '', '', '', '', '', 14, 1, 1, 82, '2023-03-30', '2023-02-10'),
(105, 'Bofalgan 1gm', '160', '155', 49, 'product-featured-105.jpg', '<p><span style=\"color: rgb(59, 67, 81); font-family: &quot;Open Sans&quot;, sans-serif; font-size: 16px;\">This medicine is used to treat mild to moderate pain (from headaches, menstrual periods, toothaches, backaches, osteoarthritis, or cold/flu aches and pains) and to reduce fever.</span><br></p>', '', '', '', '', 9, 1, 1, 83, '2023-02-28', '2023-02-10'),
(106, 'Gaviscon Liquid 120ml', '', '98', 200, 'product-featured-106.jpg', '<ul style=\"margin: 0.8rem 0px 0.8rem 0.8rem; padding: 0px; list-style-position: inside; list-style-image: initial; font-family: &quot;Open Sans&quot;, sans-serif; color: rgb(59, 67, 81); font-size: 16px;\"><li style=\"list-style: none; margin: 0.4rem 0px 0px; padding: 0px;\">Gaviscon liquid contains alginate compound in it which acts as antacid or antiflatulent (which relieves flatulence/gas)</li><li style=\"list-style: none; margin: 0.4rem 0px 0px; padding: 0px;\">Alginates work by forming a protective barrier in stomach which blocks stomach acid from splashing up into the throat (esophagus) i.e. it inhibits reflux</li><li style=\"list-style: none; margin: 0.4rem 0px 0px; padding: 0px;\">For oral administration</li><li style=\"list-style: none; margin: 0.4rem 0px 0px; padding: 0px;\">Indicated for relieving heartburn, sour stomach, acid indigestion &amp; upset stomach</li><li style=\"list-style: none; margin: 0.4rem 0px 0px; padding: 0px;\">Inform doctor before using Gaviscon if you have any kidney disease, or sodium/magnesium-restricted diet.</li><li style=\"list-style: none; margin: 0.4rem 0px 0px; padding: 0px;\">Inform doctor of all prescription or over the counter medications that you are using, as they may interact with Gaviscon</li><li style=\"list-style: none; margin: 0.4rem 0px 0px; padding: 0px;\">Keep the Gaviscon away from the reach of children</li><li style=\"list-style: none; margin: 0.4rem 0px 0px; padding: 0px;\">It comes in variety of flavors i.e. in cherry &amp; cool mint flavor.</li></ul>', '', '', '', '', 1, 1, 1, 84, '2023-08-01', '2023-02-10'),
(107, 'Gaviscon Advance 120ml Liquid', '', '150', 200, 'product-featured-107.jpg', '<p style=\"margin-bottom: 5px; font-family: &quot;Open Sans&quot;, sans-serif; color: rgb(59, 67, 81); font-size: 16px;\">Gaviscon Advance Liquid is a medicine that helps relieve heartburn, reflux esophagitis, and indigestion.</p><p style=\"margin-bottom: 5px; font-family: &quot;Open Sans&quot;, sans-serif; color: rgb(59, 67, 81); font-size: 16px;\">Such conditions can occur due to reflux of acidic contents of the stomach and acid regurgitation. However, Gaviscon Advance Liquid effectively reduces the severity of the associated symptoms, allowing you to relax and enjoy your meals.</p><p style=\"margin-bottom: 5px; font-family: &quot;Open Sans&quot;, sans-serif; color: rgb(59, 67, 81); font-size: 16px;\">This medicine contains Sodum Alginate and Potassium bicarbonate which both treat the symptoms of heartburn and acid indigestion by neutralizing the excess acid.</p><h3 style=\"color: rgb(59, 67, 81); font-weight: 800; line-height: 0.9; margin-bottom: 15px; margin-top: 15px; font-size: 16px; font-family: Roboto, sans-serif !important;\">Key Features For Gaviscon Advance Liquid</h3><ul style=\"margin: 0.8rem 0px 0.8rem 0.8rem; padding: 0px; list-style-position: inside; list-style-image: initial; font-family: &quot;Open Sans&quot;, sans-serif; color: rgb(59, 67, 81); font-size: 16px;\"><li style=\"list-style: none; margin: 0.4rem 0px 0px; padding: 0px;\">Helps relieve the discomfort associated with indigestion and acidic reflux</li><li style=\"list-style: none; margin: 0.4rem 0px 0px; padding: 0px;\">Provides relief from heartburn</li><li style=\"list-style: none; margin: 0.4rem 0px 0px; padding: 0px;\">Fast- Acting-begins to show effect in less than 3 minutes</li><li style=\"list-style: none; margin: 0.4rem 0px 0px; padding: 0px;\">Results last up to 4 hours</li><li style=\"list-style: none; margin: 0.4rem 0px 0px; padding: 0px;\">Suitable for pregnant females</li><li style=\"list-style: none; margin: 0.4rem 0px 0px; padding: 0px;\">No serious side effects reported</li></ul>', '', '', '', '', 0, 1, 1, 84, '2023-02-28', '2023-02-10'),
(108, 'Rankin Hemostatic Forceps Curved 16cm', '', '900', 50, 'product-featured-108.jpeg', '', '', '', '', '', 0, 1, 1, 85, '2023-05-30', '2023-02-10'),
(109, 'Satinsky Clamp - 30mm Angled', '', '2000', 20, 'product-featured-109.jpg', '<p>The Satinsky Clamp is made of Stainless Steel. The clamp has 30mm Angled DeBakey Atraumatic Jaws and curved shanks. Total length of the Satinsky Clamp is 10\" (25cm).<br></p>', '', '', '', '', 0, 1, 1, 86, '2023-10-30', '2023-02-10'),
(110, 'Risek 40 MG', '', '16', 200, 'product-featured-110.jpg', '', '', '', '', '', 0, 1, 1, 82, '2023-10-30', '2023-02-10'),
(111, 'Risek 40mg', '', '33', 100, 'product-featured-111.jpg', '', '', '', '', '', 0, 0, 1, 82, '2023-02-22', '2023-02-10'),
(112, 'Risek 40mg', '', '33', 100, 'product-featured-112.jpg', '', '', '', '', '', 0, 1, 1, 82, '2023-02-28', '2023-02-10');

-- --------------------------------------------------------

--
-- Table structure for table `tbl_product_color`
--

CREATE TABLE `tbl_product_color` (
  `id` int(11) NOT NULL,
  `color_id` int(11) NOT NULL,
  `p_id` int(11) NOT NULL
) ENGINE=InnoDB DEFAULT CHARSET=utf8mb4;

-- --------------------------------------------------------

--
-- Table structure for table `tbl_product_photo`
--

CREATE TABLE `tbl_product_photo` (
  `pp_id` int(11) NOT NULL,
  `photo` varchar(255) NOT NULL,
  `p_id` int(11) NOT NULL
) ENGINE=InnoDB DEFAULT CHARSET=utf8mb4;

-- --------------------------------------------------------

--
-- Table structure for table `tbl_product_size`
--

CREATE TABLE `tbl_product_size` (
  `id` int(11) NOT NULL,
  `size_id` int(11) NOT NULL,
  `p_id` int(11) NOT NULL
) ENGINE=InnoDB DEFAULT CHARSET=utf8mb4;

-- --------------------------------------------------------

--
-- Table structure for table `tbl_rating`
--

CREATE TABLE `tbl_rating` (
  `rt_id` int(11) NOT NULL,
  `p_id` int(11) NOT NULL,
  `cust_id` int(11) NOT NULL,
  `comment` text NOT NULL,
  `rating` int(11) NOT NULL
) ENGINE=InnoDB DEFAULT CHARSET=utf8mb4;

-- --------------------------------------------------------

--
-- Table structure for table `tbl_service`
--

CREATE TABLE `tbl_service` (
  `id` int(11) NOT NULL,
  `title` varchar(255) NOT NULL,
  `content` text NOT NULL,
  `photo` varchar(255) NOT NULL
) ENGINE=InnoDB DEFAULT CHARSET=utf8mb4;

--
-- Dumping data for table `tbl_service`
--

INSERT INTO `tbl_service` (`id`, `title`, `content`, `photo`) VALUES
(5, 'Easy Returns', 'Return any item before 15 days!', 'service-5.png'),
(6, 'Free Shipping', 'Enjoy free shipping inside US.', 'service-6.png'),
(7, 'Fast Shipping', 'Items are shipped within 24 hours.', 'service-7.png'),
(8, 'Satisfaction Guarantee', 'We guarantee you with our quality satisfaction.', 'service-8.png'),
(9, 'Secure Checkout', 'Providing Secure Checkout Options for all', 'service-9.png'),
(10, 'Money Back Guarantee', 'Offer money back guarantee on our products', 'service-10.png');

-- --------------------------------------------------------

--
-- Table structure for table `tbl_settings`
--

CREATE TABLE `tbl_settings` (
  `id` int(11) NOT NULL,
  `logo` varchar(255) NOT NULL,
  `favicon` varchar(255) NOT NULL,
  `footer_about` text NOT NULL,
  `footer_copyright` text NOT NULL,
  `contact_address` text NOT NULL,
  `contact_email` varchar(255) NOT NULL,
  `contact_phone` varchar(255) NOT NULL,
  `contact_fax` varchar(255) NOT NULL,
  `contact_map_iframe` text NOT NULL,
  `receive_email` varchar(255) NOT NULL,
  `receive_email_subject` varchar(255) NOT NULL,
  `receive_email_thank_you_message` text NOT NULL,
  `forget_password_message` text NOT NULL,
  `total_recent_post_footer` int(10) NOT NULL,
  `total_popular_post_footer` int(10) NOT NULL,
  `total_recent_post_sidebar` int(11) NOT NULL,
  `total_popular_post_sidebar` int(11) NOT NULL,
  `total_featured_product_home` int(11) NOT NULL,
  `total_latest_product_home` int(11) NOT NULL,
  `total_popular_product_home` int(11) NOT NULL,
  `meta_title_home` text NOT NULL,
  `meta_keyword_home` text NOT NULL,
  `meta_description_home` text NOT NULL,
  `banner_login` varchar(255) NOT NULL,
  `banner_registration` varchar(255) NOT NULL,
  `banner_forget_password` varchar(255) NOT NULL,
  `banner_reset_password` varchar(255) NOT NULL,
  `banner_search` varchar(255) NOT NULL,
  `banner_cart` varchar(255) NOT NULL,
  `banner_checkout` varchar(255) NOT NULL,
  `banner_product_category` varchar(255) NOT NULL,
  `banner_blog` varchar(255) NOT NULL,
  `cta_title` varchar(255) NOT NULL,
  `cta_content` text NOT NULL,
  `cta_read_more_text` varchar(255) NOT NULL,
  `cta_read_more_url` varchar(255) NOT NULL,
  `cta_photo` varchar(255) NOT NULL,
  `featured_product_title` varchar(255) NOT NULL,
  `featured_product_subtitle` varchar(255) NOT NULL,
  `latest_product_title` varchar(255) NOT NULL,
  `latest_product_subtitle` varchar(255) NOT NULL,
  `popular_product_title` varchar(255) NOT NULL,
  `popular_product_subtitle` varchar(255) NOT NULL,
  `testimonial_title` varchar(255) NOT NULL,
  `testimonial_subtitle` varchar(255) NOT NULL,
  `testimonial_photo` varchar(255) NOT NULL,
  `blog_title` varchar(255) NOT NULL,
  `blog_subtitle` varchar(255) NOT NULL,
  `newsletter_text` text NOT NULL,
  `paypal_email` varchar(255) NOT NULL,
  `stripe_public_key` varchar(255) NOT NULL,
  `stripe_secret_key` varchar(255) NOT NULL,
  `bank_detail` text NOT NULL,
  `before_head` text NOT NULL,
  `after_body` text NOT NULL,
  `before_body` text NOT NULL,
  `home_service_on_off` int(11) NOT NULL,
  `home_welcome_on_off` int(11) NOT NULL,
  `home_featured_product_on_off` int(11) NOT NULL,
  `home_latest_product_on_off` int(11) NOT NULL,
  `home_popular_product_on_off` int(11) NOT NULL,
  `home_testimonial_on_off` int(11) NOT NULL,
  `home_blog_on_off` int(11) NOT NULL,
  `newsletter_on_off` int(11) NOT NULL,
  `ads_above_welcome_on_off` int(1) NOT NULL,
  `ads_above_featured_product_on_off` int(1) NOT NULL,
  `ads_above_latest_product_on_off` int(1) NOT NULL,
  `ads_above_popular_product_on_off` int(1) NOT NULL,
  `ads_above_testimonial_on_off` int(1) NOT NULL,
  `ads_category_sidebar_on_off` int(1) NOT NULL
) ENGINE=InnoDB DEFAULT CHARSET=utf8mb4;

--
-- Dumping data for table `tbl_settings`
--

INSERT INTO `tbl_settings` (`id`, `logo`, `favicon`, `footer_about`, `footer_copyright`, `contact_address`, `contact_email`, `contact_phone`, `contact_fax`, `contact_map_iframe`, `receive_email`, `receive_email_subject`, `receive_email_thank_you_message`, `forget_password_message`, `total_recent_post_footer`, `total_popular_post_footer`, `total_recent_post_sidebar`, `total_popular_post_sidebar`, `total_featured_product_home`, `total_latest_product_home`, `total_popular_product_home`, `meta_title_home`, `meta_keyword_home`, `meta_description_home`, `banner_login`, `banner_registration`, `banner_forget_password`, `banner_reset_password`, `banner_search`, `banner_cart`, `banner_checkout`, `banner_product_category`, `banner_blog`, `cta_title`, `cta_content`, `cta_read_more_text`, `cta_read_more_url`, `cta_photo`, `featured_product_title`, `featured_product_subtitle`, `latest_product_title`, `latest_product_subtitle`, `popular_product_title`, `popular_product_subtitle`, `testimonial_title`, `testimonial_subtitle`, `testimonial_photo`, `blog_title`, `blog_subtitle`, `newsletter_text`, `paypal_email`, `stripe_public_key`, `stripe_secret_key`, `bank_detail`, `before_head`, `after_body`, `before_body`, `home_service_on_off`, `home_welcome_on_off`, `home_featured_product_on_off`, `home_latest_product_on_off`, `home_popular_product_on_off`, `home_testimonial_on_off`, `home_blog_on_off`, `newsletter_on_off`, `ads_above_welcome_on_off`, `ads_above_featured_product_on_off`, `ads_above_latest_product_on_off`, `ads_above_popular_product_on_off`, `ads_above_testimonial_on_off`, `ads_category_sidebar_on_off`) VALUES
(1, 'logo.png', 'favicon.png', '<p>Lorem ipsum dolor sit amet, omnis signiferumque in mei, mei ex enim concludaturque. Senserit salutandi euripidis no per, modus maiestatis scribentur est an.Â Ea suas pertinax has.</p>\r\n', 'Copyright © 2023 -  - Developed By Rubab Sayed & Nazish Babar', 'District Bagh Post Office Bagh AJK', 'rrubabsaidakbar@gmail.com', '+92 343 0538 581', '', '', 'rrubabsaidakbar@gmail.com', 'Visitor ', 'Thank you for sending email. We will contact you shortly.', 'A confirmation link is sent to your email address. You will get the password reset information in there.', 4, 4, 5, 5, 5, 6, 8, 'Ecommerce PHP', 'online fashion store, garments shop, online garments', 'ecommerce php project with mysql database', 'banner_login.jpg', 'banner_registration.jpg', 'banner_forget_password.jpg', 'banner_reset_password.jpg', 'banner_search.jpg', 'banner_cart.jpg', 'banner_checkout.jpg', 'banner_product_category.jpg', 'banner_blog.jpg', 'Welcome To Our Ecommerce Website', 'Lorem ipsum dolor sit amet, an labores explicari qui, eu nostrum copiosae argumentum has. Latine propriae quo no, unum ridens expetenda id sit, \r\nat usu eius eligendi singulis. Sea ocurreret principes ne. At nonumy aperiri pri, nam quodsi copiosae intellegebat et, ex deserunt euripidis usu. ', 'Read More', '#', '', 'Featured Products', 'Our list on Top Featured Products', 'Latest Products', 'Our list of recently added products', 'Popular Products', 'Popular products based on customer\'s choice', 'Testimonials', 'See what our clients tell about us', 'testimonial.jpg', 'Latest Blog', 'See all our latest articles and news from below', 'Sign-up to our newsletter for latest promotions and discounts.', 'admin@ecom.com', 'pk_test_0SwMWadgu8DwmEcPdUPRsZ7b', 'sk_test_TFcsLJ7xxUtpALbDo1L5c1PN', 'Bank Name: HBL Bank\r\nAccount Number: CA100270589600\r\nBranch Name: CA Branch\r\nCountry: Pakistan', '', '<div id=\"fb-root\"></div>\r\n<script>(function(d, s, id) {\r\n  var js, fjs = d.getElementsByTagName(s)[0];\r\n  if (d.getElementById(id)) return;\r\n  js = d.createElement(s); js.id = id;\r\n  js.src = \"//connect.facebook.net/en_US/sdk.js#xfbml=1&version=v2.10&appId=323620764400430\";\r\n  fjs.parentNode.insertBefore(js, fjs);\r\n}(document, \'script\', \'facebook-jssdk\'));</script>', '<!--Start of Tawk.to Script-->\r\n<script type=\"text/javascript\">\r\nvar Tawk_API=Tawk_API||{}, Tawk_LoadStart=new Date();\r\n(function(){\r\nvar s1=document.createElement(\"script\"),s0=document.getElementsByTagName(\"script\")[0];\r\ns1.async=true;\r\ns1.src=\'https://embed.tawk.to/5ae370d7227d3d7edc24cb96/default\';\r\ns1.charset=\'UTF-8\';\r\ns1.setAttribute(\'crossorigin\',\'*\');\r\ns0.parentNode.insertBefore(s1,s0);\r\n})();\r\n</script>\r\n<!--End of Tawk.to Script-->', 1, 1, 1, 1, 1, 1, 1, 0, 1, 1, 1, 1, 1, 1);

-- --------------------------------------------------------

--
-- Table structure for table `tbl_shipping_cost`
--

CREATE TABLE `tbl_shipping_cost` (
  `shipping_cost_id` int(11) NOT NULL,
  `country_id` int(11) NOT NULL,
  `amount` varchar(20) NOT NULL
) ENGINE=InnoDB DEFAULT CHARSET=latin1;

--
-- Dumping data for table `tbl_shipping_cost`
--

INSERT INTO `tbl_shipping_cost` (`shipping_cost_id`, `country_id`, `amount`) VALUES
(1, 228, '11'),
(2, 167, '10'),
(3, 13, '8'),
(4, 230, '0'),
(5, 1, '100');

-- --------------------------------------------------------

--
-- Table structure for table `tbl_shipping_cost_all`
--

CREATE TABLE `tbl_shipping_cost_all` (
  `sca_id` int(11) NOT NULL,
  `amount` varchar(20) NOT NULL
) ENGINE=InnoDB DEFAULT CHARSET=latin1;

--
-- Dumping data for table `tbl_shipping_cost_all`
--

INSERT INTO `tbl_shipping_cost_all` (`sca_id`, `amount`) VALUES
(1, '100');

-- --------------------------------------------------------

--
-- Table structure for table `tbl_size`
--

CREATE TABLE `tbl_size` (
  `size_id` int(11) NOT NULL,
  `size_name` varchar(255) NOT NULL
) ENGINE=InnoDB DEFAULT CHARSET=latin1;

-- --------------------------------------------------------

--
-- Table structure for table `tbl_slider`
--

CREATE TABLE `tbl_slider` (
  `id` int(11) NOT NULL,
  `photo` varchar(255) NOT NULL,
  `heading` varchar(255) NOT NULL,
  `content` text NOT NULL,
  `button_text` varchar(255) NOT NULL,
  `button_url` varchar(255) NOT NULL,
  `position` varchar(255) NOT NULL
) ENGINE=InnoDB DEFAULT CHARSET=latin1;

--
-- Dumping data for table `tbl_slider`
--

INSERT INTO `tbl_slider` (`id`, `photo`, `heading`, `content`, `button_text`, `button_url`, `position`) VALUES
(0, 'slider-0.jpg', 'Welcome  to Pharmacy management system', '', '', '', 'Center'),
(1, 'slider-1.jpg', 'Discount Prices', ' ', ' ', ' ', 'Center'),
(3, 'slider-3.jpg', 'Available 24 Hours', ' ', ' ', ' ', 'Center');

-- --------------------------------------------------------

--
-- Table structure for table `tbl_social`
--

CREATE TABLE `tbl_social` (
  `social_id` int(11) NOT NULL,
  `social_name` varchar(30) NOT NULL,
  `social_url` varchar(255) NOT NULL,
  `social_icon` varchar(30) NOT NULL
) ENGINE=InnoDB DEFAULT CHARSET=latin1;

-- --------------------------------------------------------

--
-- Table structure for table `tbl_subscriber`
--

CREATE TABLE `tbl_subscriber` (
  `subs_id` int(11) NOT NULL,
  `subs_email` varchar(255) NOT NULL,
  `subs_date` varchar(100) NOT NULL,
  `subs_date_time` varchar(100) NOT NULL,
  `subs_hash` varchar(255) NOT NULL,
  `subs_active` int(11) NOT NULL
) ENGINE=InnoDB DEFAULT CHARSET=latin1;

-- --------------------------------------------------------

--
-- Table structure for table `tbl_top_category`
--

CREATE TABLE `tbl_top_category` (
  `tcat_id` int(11) NOT NULL,
  `tcat_name` varchar(255) NOT NULL,
  `show_on_menu` int(1) NOT NULL
) ENGINE=InnoDB DEFAULT CHARSET=latin1;

--
-- Dumping data for table `tbl_top_category`
--

INSERT INTO `tbl_top_category` (`tcat_id`, `tcat_name`, `show_on_menu`) VALUES
(1, 'Tablets', 1),
(2, 'Capsules', 1),
(3, 'Injections', 1),
(4, 'Syrups', 1),
(5, 'Surgical', 1);

-- --------------------------------------------------------

--
-- Table structure for table `tbl_user`
--

CREATE TABLE `tbl_user` (
  `id` int(10) NOT NULL,
  `full_name` varchar(100) NOT NULL,
  `email` varchar(255) NOT NULL,
  `phone` varchar(100) NOT NULL,
  `password` varchar(255) NOT NULL,
  `photo` varchar(255) NOT NULL,
  `role` varchar(30) NOT NULL,
  `status` varchar(10) NOT NULL
) ENGINE=InnoDB DEFAULT CHARSET=latin1;

--
-- Dumping data for table `tbl_user`
--

INSERT INTO `tbl_user` (`id`, `full_name`, `email`, `phone`, `password`, `photo`, `role`, `status`) VALUES
(1, 'Administrator', 'admin@mail.com', '7777777777', 'd00f5d5217896fb7fd601412cb890830', 'userimg.png', 'Super Admin', 'Active'),
(2, 'Christine', 'Rubab@gmail.com', '4444444444', 'd00f5d5217896fb7fd601412cb890830', 'userimg.png', 'Admin', 'Active');

-- --------------------------------------------------------

--
-- Table structure for table `tbl_video`
--

CREATE TABLE `tbl_video` (
  `id` int(11) NOT NULL,
  `title` varchar(255) NOT NULL,
  `iframe_code` text NOT NULL
) ENGINE=InnoDB DEFAULT CHARSET=latin1;

--
-- Indexes for dumped tables
--

--
-- Indexes for table `tbl_color`
--
ALTER TABLE `tbl_color`
  ADD PRIMARY KEY (`color_id`);

--
-- Indexes for table `tbl_country`
--
ALTER TABLE `tbl_country`
  ADD PRIMARY KEY (`country_id`);

--
-- Indexes for table `tbl_customer`
--
ALTER TABLE `tbl_customer`
  ADD PRIMARY KEY (`cust_id`);

--
-- Indexes for table `tbl_customer_message`
--
ALTER TABLE `tbl_customer_message`
  ADD PRIMARY KEY (`customer_message_id`);

--
-- Indexes for table `tbl_end_category`
--
ALTER TABLE `tbl_end_category`
  ADD PRIMARY KEY (`ecat_id`);

--
-- Indexes for table `tbl_faq`
--
ALTER TABLE `tbl_faq`
  ADD PRIMARY KEY (`faq_id`);

--
-- Indexes for table `tbl_language`
--
ALTER TABLE `tbl_language`
  ADD PRIMARY KEY (`lang_id`);

--
-- Indexes for table `tbl_mid_category`
--
ALTER TABLE `tbl_mid_category`
  ADD PRIMARY KEY (`mcat_id`);

--
-- Indexes for table `tbl_order`
--
ALTER TABLE `tbl_order`
  ADD PRIMARY KEY (`id`);

--
-- Indexes for table `tbl_page`
--
ALTER TABLE `tbl_page`
  ADD PRIMARY KEY (`id`);

--
-- Indexes for table `tbl_payment`
--
ALTER TABLE `tbl_payment`
  ADD PRIMARY KEY (`id`);

--
-- Indexes for table `tbl_photo`
--
ALTER TABLE `tbl_photo`
  ADD PRIMARY KEY (`id`);

--
-- Indexes for table `tbl_post`
--
ALTER TABLE `tbl_post`
  ADD PRIMARY KEY (`post_id`);

--
-- Indexes for table `tbl_product`
--
ALTER TABLE `tbl_product`
  ADD PRIMARY KEY (`p_id`);

--
-- Indexes for table `tbl_product_color`
--
ALTER TABLE `tbl_product_color`
  ADD PRIMARY KEY (`id`);

--
-- Indexes for table `tbl_product_photo`
--
ALTER TABLE `tbl_product_photo`
  ADD PRIMARY KEY (`pp_id`);

--
-- Indexes for table `tbl_product_size`
--
ALTER TABLE `tbl_product_size`
  ADD PRIMARY KEY (`id`);

--
-- Indexes for table `tbl_rating`
--
ALTER TABLE `tbl_rating`
  ADD PRIMARY KEY (`rt_id`);

--
-- Indexes for table `tbl_service`
--
ALTER TABLE `tbl_service`
  ADD PRIMARY KEY (`id`);

--
-- Indexes for table `tbl_settings`
--
ALTER TABLE `tbl_settings`
  ADD PRIMARY KEY (`id`);

--
-- Indexes for table `tbl_shipping_cost`
--
ALTER TABLE `tbl_shipping_cost`
  ADD PRIMARY KEY (`shipping_cost_id`);

--
-- Indexes for table `tbl_shipping_cost_all`
--
ALTER TABLE `tbl_shipping_cost_all`
  ADD PRIMARY KEY (`sca_id`);

--
-- Indexes for table `tbl_size`
--
ALTER TABLE `tbl_size`
  ADD PRIMARY KEY (`size_id`);

--
-- Indexes for table `tbl_slider`
--
ALTER TABLE `tbl_slider`
  ADD PRIMARY KEY (`id`);

--
-- Indexes for table `tbl_social`
--
ALTER TABLE `tbl_social`
  ADD PRIMARY KEY (`social_id`);

--
-- Indexes for table `tbl_subscriber`
--
ALTER TABLE `tbl_subscriber`
  ADD PRIMARY KEY (`subs_id`);

--
-- Indexes for table `tbl_top_category`
--
ALTER TABLE `tbl_top_category`
  ADD PRIMARY KEY (`tcat_id`);

--
-- Indexes for table `tbl_user`
--
ALTER TABLE `tbl_user`
  ADD PRIMARY KEY (`id`);

--
-- Indexes for table `tbl_video`
--
ALTER TABLE `tbl_video`
  ADD PRIMARY KEY (`id`);

--
-- AUTO_INCREMENT for dumped tables
--

--
-- AUTO_INCREMENT for table `tbl_color`
--
ALTER TABLE `tbl_color`
  MODIFY `color_id` int(11) NOT NULL AUTO_INCREMENT, AUTO_INCREMENT=30;

--
-- AUTO_INCREMENT for table `tbl_country`
--
ALTER TABLE `tbl_country`
  MODIFY `country_id` int(11) NOT NULL AUTO_INCREMENT, AUTO_INCREMENT=246;

--
-- AUTO_INCREMENT for table `tbl_customer`
--
ALTER TABLE `tbl_customer`
  MODIFY `cust_id` int(11) NOT NULL AUTO_INCREMENT, AUTO_INCREMENT=25;

--
-- AUTO_INCREMENT for table `tbl_customer_message`
--
ALTER TABLE `tbl_customer_message`
  MODIFY `customer_message_id` int(11) NOT NULL AUTO_INCREMENT, AUTO_INCREMENT=9;

--
-- AUTO_INCREMENT for table `tbl_end_category`
--
ALTER TABLE `tbl_end_category`
  MODIFY `ecat_id` int(11) NOT NULL AUTO_INCREMENT, AUTO_INCREMENT=87;

--
-- AUTO_INCREMENT for table `tbl_faq`
--
ALTER TABLE `tbl_faq`
  MODIFY `faq_id` int(11) NOT NULL AUTO_INCREMENT, AUTO_INCREMENT=6;

--
-- AUTO_INCREMENT for table `tbl_language`
--
ALTER TABLE `tbl_language`
  MODIFY `lang_id` int(11) NOT NULL AUTO_INCREMENT, AUTO_INCREMENT=164;

--
-- AUTO_INCREMENT for table `tbl_mid_category`
--
ALTER TABLE `tbl_mid_category`
  MODIFY `mcat_id` int(11) NOT NULL AUTO_INCREMENT, AUTO_INCREMENT=25;

--
-- AUTO_INCREMENT for table `tbl_order`
--
ALTER TABLE `tbl_order`
  MODIFY `id` int(11) NOT NULL AUTO_INCREMENT, AUTO_INCREMENT=13;

--
-- AUTO_INCREMENT for table `tbl_page`
--
ALTER TABLE `tbl_page`
  MODIFY `id` int(11) NOT NULL AUTO_INCREMENT, AUTO_INCREMENT=2;

--
-- AUTO_INCREMENT for table `tbl_payment`
--
ALTER TABLE `tbl_payment`
  MODIFY `id` int(11) NOT NULL AUTO_INCREMENT, AUTO_INCREMENT=62;

--
-- AUTO_INCREMENT for table `tbl_photo`
--
ALTER TABLE `tbl_photo`
  MODIFY `id` int(11) NOT NULL AUTO_INCREMENT, AUTO_INCREMENT=7;

--
-- AUTO_INCREMENT for table `tbl_post`
--
ALTER TABLE `tbl_post`
  MODIFY `post_id` int(11) NOT NULL AUTO_INCREMENT, AUTO_INCREMENT=12;

--
-- AUTO_INCREMENT for table `tbl_product`
--
ALTER TABLE `tbl_product`
  MODIFY `p_id` int(11) NOT NULL AUTO_INCREMENT, AUTO_INCREMENT=113;

--
-- AUTO_INCREMENT for table `tbl_product_color`
--
ALTER TABLE `tbl_product_color`
  MODIFY `id` int(11) NOT NULL AUTO_INCREMENT, AUTO_INCREMENT=268;

--
-- AUTO_INCREMENT for table `tbl_product_photo`
--
ALTER TABLE `tbl_product_photo`
  MODIFY `pp_id` int(11) NOT NULL AUTO_INCREMENT, AUTO_INCREMENT=133;

--
-- AUTO_INCREMENT for table `tbl_product_size`
--
ALTER TABLE `tbl_product_size`
  MODIFY `id` int(11) NOT NULL AUTO_INCREMENT, AUTO_INCREMENT=448;

--
-- AUTO_INCREMENT for table `tbl_rating`
--
ALTER TABLE `tbl_rating`
  MODIFY `rt_id` int(11) NOT NULL AUTO_INCREMENT;

--
-- AUTO_INCREMENT for table `tbl_service`
--
ALTER TABLE `tbl_service`
  MODIFY `id` int(11) NOT NULL AUTO_INCREMENT, AUTO_INCREMENT=11;

--
-- AUTO_INCREMENT for table `tbl_settings`
--
ALTER TABLE `tbl_settings`
  MODIFY `id` int(11) NOT NULL AUTO_INCREMENT, AUTO_INCREMENT=2;

--
-- AUTO_INCREMENT for table `tbl_shipping_cost`
--
ALTER TABLE `tbl_shipping_cost`
  MODIFY `shipping_cost_id` int(11) NOT NULL AUTO_INCREMENT, AUTO_INCREMENT=10;

--
-- AUTO_INCREMENT for table `tbl_shipping_cost_all`
--
ALTER TABLE `tbl_shipping_cost_all`
  MODIFY `sca_id` int(11) NOT NULL AUTO_INCREMENT, AUTO_INCREMENT=2;
COMMIT;

/*!40101 SET CHARACTER_SET_CLIENT=@OLD_CHARACTER_SET_CLIENT */;
/*!40101 SET CHARACTER_SET_RESULTS=@OLD_CHARACTER_SET_RESULTS */;
/*!40101 SET COLLATION_CONNECTION=@OLD_COLLATION_CONNECTION */;
